Francoise,2335 Canton Hwy #6,519-569-8399
Kendra,6 Arch St #9757,506-363-1526
Lourdes,9547 Belmont Rd #21,613-903-7043
Hannah,73 Pittsford Victor Rd,604-334-3686
Tom,447 Commercial St Se,514-487-6096
Queenie,47 Garfield Ave,306-421-5793
Hui,3 Mill Rd,506-827-7755
Josefa,136 W Grand Ave #3,519-788-7645
Lea,80 Maplewood Dr #34,905-618-8258
Paola,58 Hancock St,905-456-1117
Hortencia,808 Calle De Industrias,902-256-6791
Leanna,2859 Dorsett Rd,416-719-2114
Danilo,6857 Wall St,403-212-4945
Huey,169 Journal Sq,780-639-3619
Apolonia,3 E 31st St #77,506-978-1488
Channdra,7 N Dean St,416-716-6446
Crissy,85 S State St,705-477-2307
Gianna,100 Main St,403-337-7162
Valentin,6185 Bohn St #72,306-291-5073
Ilona,2 Sutton Pl S #5727,819-536-7034
Willard,1534 Sidco Dr,780-384-5410
Lauryn,4207 Leon Rd,604-236-4625
Laurena,7564 N Academy Ave,519-790-8660
Elise,88 E Saint Elmo Rd,905-652-4509
Corrie,75 Westchester Ave,514-203-7817
Kimberely,89 W 35th St #1,519-912-5533
Tish,1 Norris Ave #4095,450-840-7605
Hollis,5174 Interstate 45 N,780-574-5620
Andree,765 Rock Island Rd,519-872-6826
Lyla,7979 33  191,902-844-1174
Felton,202 Madison Ave,613-749-1169
Dell,56 Corporate Dr,819-255-1725
Nohemi,37 Us Highway 12e E #6,705-838-9265
Tambra,6734 W Jackson Blvd,250-353-7479
Vicki,7 Tomahawk Dr,604-231-6180
Renato,1 Vernon Blvd,403-444-2250
Lenita,2726 Franklin Hill Rd,250-749-4517
Barney,6335 Fort Myer Dr,450-526-5424
Matthew,220 Old Us Highway 441,705-417-7221
Belen,77 Central Pky N,250-768-5812
Iesha,781 Alabama Ave,416-989-2001
Francesco,22 Dearborn St,306-524-4509
Paulene,21 E 64th Ave,418-348-2107
Carole,9 N Central Ave,604-262-8556
Miss,38 Douglas Rd E #39,306-508-8874
Elfrieda,4929 Sidney St #8276,250-454-9384
Edelmira,4936 Walcott Rd,306-611-7185
Jaimme,6760 E Fayette St #9,450-531-8633
Lera,6638 S Webster St #491,506-556-4300
Jame,4465 James St,519-920-7003
Jillian,8721 Everett Rd,905-864-2257
Louis,6 E Kingsbridge Rd,418-568-3216
Emmett,920 Union Blvd,705-581-1220
Tammy,5 Secaucus Rd,250-226-1002
Willis,646 9th St,418-833-1949
Maxima,864 Aupuni St,905-569-6732
Boris,9390 Fortin Dr,418-459-4884
Salina,4 Newark St,613-280-7170
Justa,8 J St,250-982-9377
Amalia,394 Dice Rd #861,519-219-3608
Felix,92 W 39th St #9990,519-426-7161
Eura,9 N Monroe St,306-979-2571
Lang,2 Global Rd,519-985-7311
Agustin,23 E Wacker Dr #64,819-365-5394
James,1 Nw 167th St,204-438-6204
Carman,1 Frontage Rd,709-366-8943
Argelia,5 Columbia,604-823-2881
Mammie,14 E 30th St,514-205-4258
Rashad,8 Commercial Ave,613-697-2555
Janna,41 Drive  Hwy 54s S,604-575-7837
Callie,6601 Park Ave #9924,905-465-6909
Coral,4184 E 142nd St,416-589-6075
Xenia,1 El Camino Ave #39,613-714-1829
Adelle,10 Midway Dr,905-998-3758
Hildegarde,2 Cottman Ave,604-960-7463
Phuong,8926 E 119th St #9,450-501-4406
Leonntine,191 Richland St #5,418-271-8667
Darell,8 E 92nd St,905-846-7737
Madonna,283 Andover St,250-307-7698
Chuck,764 Louisville Plac,709-534-6576
Gregg,59 W Jackson Blvd #11,514-302-4158
Yan,712 N 5th St,506-493-4894
Stephannie,6 L St #1761,613-557-7338
Alberto,6126 E 14th St #6,905-435-9456
Wayne,865 Ponce De Leon Blvd,418-374-1965
Kristal,896 Pershing Ave,709-976-5766
Florencia,178 Riverdale Rd,519-961-7871
Cameron,4 Pedretti Ave #2,306-748-5721
Freeman,4 W Sedgley Ave,450-347-6388
Lazaro,31 E Middlefield Rd #8555,450-356-6427
Ellsworth,7662 Us Highway 46 #9003,613-862-4724
Brinda,1 Park Ave,506-392-8334
Florinda,2782 Midland Ave,506-230-8075
Nadine,3 Federal Blvd,450-353-2331
Arlette,485 Rolling Rd,514-459-6883
Adolph,6605 Federal St,416-736-1436
Georgiana,505 E 9mile Rd,450-409-1254
Rana,32 Rocklyn Ave,905-286-8285
Chi,2953 5th Ave #27,418-922-5578
Starr,133 Us Highway 206,418-811-3750
Glennis,1 Pershing Ave,204-514-9319
Thea,402 Santa Isabel Ave,418-360-6739
Rosalind,86 Shady Run Rd,613-975-5760
Shenika,4 Collier Rd Nw,613-219-1869
Veta,940 E Jefferson Ave,506-996-1241
Herschel,7753 W 8th,416-786-7887
Dianne,53 6  17 M At Bradleys,902-938-6891
Micah,103 Madison Ave,709-581-5842
Kaycee,8788 E 64th Ave,604-992-6045
Tesha,831 Vanowen St #5,514-432-5290
Marya,661 Pitkin Ave,403-382-4146
Ronnie,3 Avenue Rt 295 #199,902-367-7042
Mabell,709 W Waters Ave,418-339-7473
Harley,27 Spring St,519-913-7772
Joye,9 Court St,306-991-3698
Luisa,82 Westminster Blvd,604-399-1449
Stacey,5039 Coffee Rd,416-310-1610
Reyes,9 E Thayer Ave #3,905-402-9203
Avery,1 Highland Ave,604-548-4412
Colby,7 E 1st St,705-668-5094
Afton,652 5th Ave,613-851-7883
India,162 Sunrise Plz,416-866-6707
Brunilda,300 Congers Rd #77,506-327-7460
Jenifer,78 152nd Ave #4179,250-947-2063
Makeda,956 Sierra Ave,416-827-4082
Vivan,4696 Alewa Dr,306-325-3090
Eric,732 Congress St,418-274-7373
Thersa,863 E Mcdowell Rd,250-540-5275
Mindy,82 Us Highway 111,604-213-8721
Luis,8868 S Arroyo Pkwy #996,819-860-8913
Dawne,25 Keystone Xing,905-760-9649
Karrie,491 Main St #893,250-384-7658
Mozelle,523 Spencerville Ct,506-573-3112
Mila,515 S Main St,514-945-2978
Gilma,147 E Centre St,902-804-8543
Armanda,989 Wyatt Dr #7,450-866-7181
Vonda,9891 Main St,450-706-3809
Truman,1657 N Green St,705-757-7389
Elvis,6437 Date Palm Dr,403-415-1285
Loise,1062 Rd,306-964-9291
Jannette,73 Madison Ave,604-953-5335
Margo,344 Lyndon St,905-781-3868
Dahlia,3986 Home Life,418-344-9993
Dominga,68 Dd N #1,819-627-1581
Holliss,27 7th St,905-928-5294
Carry,8 Maynesboro St,519-847-8783
Bong,7 State St #1,514-308-1992
Yolande,21 N 14th St,613-700-7712
Lottie,45 W 21st St,905-638-1034
Jose,93 Law Dr,514-211-3774
Tuyet,976 Cozycroft Ave,905-790-7938
Pearline,611 S 2nd St,905-734-9102
Robt,3780 Ronson Rd,418-874-8104
Shawnee,5 W Irving Park Rd,902-208-1038
Lacresha,48 Bernardo Cent,450-213-1080
Basilia,45 S Wells Ave,418-386-6120
Aleisha,960 Deming Way,418-408-1640
Frank,462 2nd St,306-653-1772
Ria,269 Commercial Dr,418-319-1374
Carla,8 Commercial Blvd #9,519-646-7797
Lashanda,739 Stockton Ave,506-497-2698
Jarod,60 Sunrise Ave,705-369-2146
Leoma,575 Washington St,250-810-7815
Yasuko,4634 Anania Dr,250-891-6910
Jimmie,24 Sw Bridgeport Rd,905-772-1416
Titus,419 N Dixboro Rd #8,819-983-1846
Joanne,1 W Sierra Madre Blvd #9985,905-219-6895
Suzi,9 W Jackson Blvd,604-700-2946
Denny,4974 Rockburn Hill Rd #3,604-239-4105
Willie,8545 S Westshore Blvd,819-869-6389
Margurite,258 S Ash Ave,519-476-5983
Arlen,1 W Green Bay St,506-218-3036
Shaniqua,8 Sylvan Ave,416-573-9093
Willy,9 Clove Rd,514-606-4631
Silva,10 Canal St,514-319-4125
Gearldine,62 N 3rd St,403-810-3712
Azalee,2607 Market St,450-515-9694
Kimbery,62 15th Ave #63,250-504-9388
Ricarda,1 Clairemont Mesa Blvd,902-614-2197
Macy,6 N Water St,204-656-8450
Carol,1 S Kresson St,418-540-2207
Blythe,4 S 4th St,403-775-4053
Tanesha,326 Witherspoon St,416-568-3388
Yaeko,66 Hoffman St,519-625-4433
Broderick,185 Davis St,306-285-1574
Twila,20 Simpson Ferry Rd,250-862-6746
Sarina,7821 16th St Nw,905-696-6221
Candra,9 Pulaski Park Dr #7,705-799-1235
Von,63 Baronne St,604-986-3233
Natalya,74 Chestnut St,519-736-9305
Stanton,4 Smith St #5,416-801-7398
Dona,4298 E Drinker St,416-884-9104
Cortney,80 S 33rd Pl,450-339-6016
Ira,935 S Padre Island Dr,902-240-7029
Vanna,3 B Main #117,905-309-4565
Bo,779 Moore St,204-210-4967
Nathalie,14 Van Buren St,705-736-4801
Rodney,7 N Us Highway 67 #96,613-273-5773
Elena,31 Mechanic St #9839,709-399-4807
Blossom,881 Route 38,416-631-1863
Loreen,6 Monard Dr,613-684-4467
Tayna,18 Cowesett Ave,705-655-5936
Nieves,684 Albion Rd,705-616-5386
Glenn,8700 S Jefferson Rd #676,514-330-5479
Julianna,4407 Chestnut Ridge Dr,506-752-6097
Ashton,13 Midway Pl,905-725-6769
Shaun,253 Hamilton Ave #1684,905-907-6615
Long,8 W 41st Ave,450-771-5010
Vinnie,559 Bridge Plz,416-862-7028
Lucia,196 Touhy Ave,416-870-8070
Corazon,6 W Lincoln Ave,306-333-8933
Jaime,7071 E 7th St #56,514-950-4495
Miriam,784 Packerland Dr,905-441-5009
Vallie,7823 N 36th Ave,604-848-3170
Sheldon,35 Milnor St,902-330-7314
Nickie,7 Saint Nicholas Ave,604-556-1080
Fletcher,87 Spencerville Ct #2,905-992-1637
Rutha,87 W 32nd St,905-468-2503
Brandon,70 W Main St,604-940-9313
Franchesca,3208 W Touhy Ave,902-715-9684
Lorriane,7 Airway Cir,250-544-1482
Asuncion,54 Whitaker Way,204-318-1929
Georgiann,4945 Progress Dr,819-632-2869
Hershel,658 W 30th St,519-844-4835
Chu,8 E 9mile Rd #697,819-677-1206
Bettina,7 Ryan Industrial Ct,604-752-9256
Lynsey,7 Mccrea St,604-525-6939
Phil,7 Mcwhorter Rd,418-940-4070
Cordelia,572 Simpson St,905-975-4308
Georgeanna,3493 Camino Ruiz,905-366-7378
Rosendo,2052 E Semoran Blvd,306-700-6743
Jerilyn,9 Main St,519-978-7661
Elfriede,538 Fayetteville Street Mall,506-404-8558
Harris,9875 Sheafe Rd,514-257-9319
Leonor,269 Distribution Way,613-338-5158
Terrilyn,6 E Miraloma Ave,819-670-6020
Maddie,56 N Wood Ave #25,514-874-9519
Melynda,3 Lee Dr #8435,450-470-3593
Odette,1831 Everett Rd,709-744-4165
Steffanie,801 W Belmont Ave,514-964-9106
Antonette,61 N Westshore Blvd,519-670-5269
Thora,6 Old York Rd,819-648-4049
Nada,80 Sw End Blvd,604-570-1494
Ivette,7585 Calle De Industrias,902-244-5318
Devon,250 University Ave #9,250-525-4631
Lon,78 Eastway Dr,905-233-1845
Tennie,196 Waterman Ave #1,819-261-5496
Fidelia,9 Meridian St,416-892-4321
Michal,9514 Mount Vernon Ave,418-399-6819
Enola,7 Sw 5th Ave,902-539-1621
Meghann,7675 N Solano Dr,902-348-8759
Latanya,8229 S Washington Ave,204-649-9481
Chandra,686 S Dupont Hwy,905-451-3719
Barney,88 Norris Ave #2,902-287-1148
Ocie,72 W Hampden Ave,613-756-9548
Precious,846 Middletown Blvd #427,705-607-6992
Sanda,5181 N Alma School Rd,250-700-8923
Gaynell,71 W Indian School Rd,807-284-2501
Bethanie,5 Victory Ave,519-328-4250
Yvette,33 Broadway St #8539,403-919-6456
Alana,96 Hook Rd,416-386-8947
Lakeesha,1 Sw 72nd Ave,604-352-7502
Ailene,479 Commerce Park,506-907-7068
Valene,42 Main St,418-646-3844
Floyd,4701 N Cocoa Blvd,416-557-9767
Josue,755 135th St,416-337-2239
Johnathon,4714 S Main St,705-646-2781
Kenneth,2 Scott Blvd,819-999-6396
Leillla,9 Constitution Ave,403-733-8035
Marquetta,2965 Lake Lizzie Dr,514-950-3156
Annamae,8939 Merrill Field Dr,604-877-2244
An,8 Leoole St #3,819-324-8832
Karina,901 Broughton Ave #7,450-252-9611
Otis,263 L St #1255,519-739-4515
Brendan,84 L St #98,604-947-9315
Keith,973 El Camino Real,506-229-5393
Paulina,5652 Wisconsin Ave,204-636-8766
Cherelle,2 Ramona Ave #6,519-322-9933
Percy,901 Highway 74,418-537-1430
Margot,237 S French Ave,905-309-5010
Paris,89 Parade St,519-909-5933
Sina,3067 W Wabansia Ave,416-369-7013
Kimi,2 W Kellogg Dr #5,418-795-3880
Chun,3 Aiea Heights #660,306-245-2534
Lelia,440 Town Center Dr,250-671-3851
Cordell,91 Argyle Rd,819-508-6057
Dorothy,4 Hanover Pike,905-554-3838
Chauncey,615 Main St #3722,613-908-7090
Tenesha,648 Waihona St #1152,506-629-6209
Anjelica,689 S Steele St #1887,902-386-1443
Olga,8507 Upland St,905-775-6413
Monte,577 Page Ave,450-637-6499
Pamela,6 West St #2,450-282-1236
Toshia,7 Duluth St,418-759-7863
Polly,39 Logan Ave #9518,905-705-6018
Judy,384 N Main St,709-560-7848
Celestine,79 E 92nd St,613-875-3120
Murray,59 W Century Rd,514-921-5562
Shoshana,8763 N Front St,519-396-2906
Glendora,2 80e E #7867,780-508-2609
Carlene,541 N 88th Ave,519-930-5055
Adria,60 15th Ave,905-563-9396
Paola,3951 Seaway Dr,780-573-8903
Elina,2097 N Stonestreet Ave,416-582-4379
Emile,264 Jefferson Hwy #83,450-529-3773
Zoila,40 N Dean St,416-322-9207
Yong,365 Zebra Pl,519-344-3979
Leontine,859 Franquette Ave,519-641-7145
Troy,58 Calle Arroyo,613-938-7999
Annamaria,8348 1st Ave W,905-495-3301
Dorothea,2763 Fort Campbell Blvd #7554,705-793-4986
Marion,5670 Leonis Blvd,819-966-7240
Avery,6 Central Ave #664,902-588-8947
Trinidad,75 N Washington Ave,514-561-2312
Herminia,880 W South Water Market,780-740-5294
Val,42 N 16th St #620,514-726-2573
Renay,873 E Cumberland St,416-336-6767
Buck,863 Mcgilchrist St Se,807-668-2676
Toi,2 S Church St,450-714-2875
Shanice,31 N Canal St,613-850-3405
Olivia,8688 Manning Blvd #547,403-690-1059
Tamera,652 Pacific Hwy,780-833-7024
Melvin,8794 34th Ave,819-418-3496
Essie,9 3rd St,506-785-2719
Shay,571 Maiden Ln #7,450-806-3050
Ruby,637 Wright Rd,604-553-2468
Caren,1770 Mission Ave,403-344-3614
Franky,2583 Lincoln Blvd,519-823-9369
Lasandra,1 Highway 71 S,604-210-7413
Sommer,1309 Pitney Rd,450-777-9643
Gretchen,809 W Bayshore Rd,250-617-7197
Providencia,83 Magnavox Way,613-256-5226
Lindsey,87 Via Contenta,250-387-4636
Romana,986 Whitaker Way,506-310-3728
Nobuko,612 York St,519-739-4745
Shawnna,4 N Brand Blvd,613-996-1062
Doyle,48 Market St,250-227-4140
Jacinta,1458 W Henry St,250-203-5054
Tawanna,380 Main St,418-734-9693
Christa,743 Wolfert Ave,403-461-2407
Noe,3878 Little John Way,250-901-1245
Ellen,32 Marguerite Pky,780-720-7927
Tequila,6173 Landmeier Rd,905-692-6934
Tawny,5 Middletown Blvd,604-632-4346
Rosalyn,449 Oakwood Ave,613-362-7798
Noble,7059 E Kilbourn Ave #252,519-346-6651
Lucille,8 General Dr,250-904-7361
Azzie,5518 Whippany Rd,905-208-4039
Darci,2 Hill Rd,819-294-4679
King,79 Lexington Ave #83,418-470-4541
Cam,339 W 1st St,514-224-2722
Anissa,7635 Run Subdivision,604-925-4225
Rosann,91 Nw 52nd Ave,450-474-6397
Jeannine,7767 W Central Ave #2,902-811-1450
Lashaun,894 Feather River Blvd,780-751-5370
Miesha,2 Executive Blvd,705-646-4992
Marva,1 N Main St #16,416-494-3939
Dion,44 S Highland Dr,418-212-6756
Hassie,958 Airline Dr,902-210-1513
Jin,18 Cameron St,416-463-6411
Demetra,79 E Jackson St,819-858-7901
Irene,45 19th St,506-251-3150
Colton,305 Industrial Blvd,905-796-8265
William,1434 Ash St,403-251-6126
Shannan,6 S San Marcos Rd,416-266-5891
Shelba,56 Washington Rd,902-654-7334
Dorcas,8899 E Slauson Ave,905-860-8703
Rochell,142 E 57th Ave #2,418-362-9768
Amber,41 Augusta Hwy,604-864-2113
Stefanie,985 Joyce St,604-833-9067
Kenia,611 Grand Ave,403-341-7208
Jacquline,647 S Rainbow Blvd Bldg #4577,418-682-7368
Lavina,2719 N Delaware St,514-842-3549
Billi,71 Linden Ave,604-458-2387
Aron,9 Park St,604-637-3549
Anice,430 State Route 10 #7548,819-342-1651
Hyun,8718 N 13th Ave,519-287-4120
Shala,4956 Midway Rd #65,418-823-9061
Shasta,71 West Ave,705-531-2796
Wenona,7 Ramon Rd,450-751-1928
Marla,922 Railroad Ave #7063,514-872-9323
Myra,5661 Harding St,418-930-7475
Lawanda,92 A Glenneyre Ave,250-226-8113
Curt,5 Westbranch Dr #36,306-739-3437
Susy,6 N Town East Blvd,403-571-8756
Kathrine,100 Rombouts Ave,902-500-1564
Oneida,5 E King St #6,819-511-9240
Allene,7167 Bethlehem Pike #80,416-681-6822
Leonardo,80 Wisconsin Ave,403-328-5056
Nakisha,8265 W Camelback Rd,403-513-9660
Stephanie,45 S Cedar Ridge Dr,306-510-5011
Florinda,6096 N Michigan Ave,819-820-6568
Merri,4 Beaverbrook Rd,204-894-9221
Malcom,548 Midland Ave,519-334-1058
Louvenia,6 Friendship Dr #5055,306-256-9309
Alita,5 S Gage St #6175,807-289-5397
Noemi,18 Nw 6th St,705-414-4712
Nydia,5 Pittsford Victor Rd,780-924-8022
Hana,6 E Rand Rd #73,403-696-7108
Noel,91 E Cary St,780-447-2249
Brice,5 New Circle Rd Ne,613-631-9322
Nguyet,68 Nw Raleigh St #88,403-883-4097
Janae,8 S Mcmullen Dr #38,905-501-5086
Darrel,6 N Volusia Ave #2,506-839-5378
Genevieve,5 Cedar St,705-467-4142
Giovanna,71 S Newtown St,604-203-8085
Shelton,4 Bloomfield Ave #5,204-364-5889
Alison,841 N Monroe St,613-862-3122
Maynard,5094 Poway Rd,604-875-7745
Timothy,43 Winnetka Ave,416-521-5624
Viola,51 S Hulen St,506-772-3108
Luann,5 Goddard Rd,514-578-7262
Mable,7 Woodbridge Ave,416-867-5879
Sabine,48 Lower Ragsdale Dr #1349,905-586-1138
Dolores,80 S Beckley St,506-216-2028
Hanah,3314 Hawthorne St,905-543-3967
Sonia,924 W Saint Mary Blvd,709-512-6346
Cletus,9713 Wilbur Ave #163,780-674-7330
Asha,4 Gray Ave,418-470-9730
Verlene,8528 A Park Rd,905-486-5455
Yesenia,1262 W 19th St,506-858-9797
Tayna,99 Garfield Ave #370,905-334-8817
Verona,9041 Grand Plaza Plac,514-842-7487
Denae,475 S Figueroa St,204-341-2445
Rikki,7 Lagrange St #10,514-472-6857
Nan,16 Ridge Center,519-928-8049
Sherell,66 62nd St #30,604-344-4458
Corall,15 Ludlow Ave #156,450-480-7421
Phyliss,672 Neil Armstrong St #59,403-540-2604
Jesse,1 E Gabilan St,905-356-4735
Latonia,6325 Statesville Rd,905-723-5674
Aimee,7 N Wacker Dr #42,613-804-8102
Marcelle,76 N Harlem Ave,905-817-1934
Ilda,80 Ringwood Ave #7,780-830-2958
Aileen,8 Wilfong Ln,416-390-4510
Davida,8881 Hopkins St,450-375-8192
Beata,19 Torresdale Ave #58,250-808-6765
Angelyn,79 Craig Rd,905-838-3914
Claudio,432 Eastman Ave,403-481-8843
Krystal,9 Garcia Ave #38,416-712-8230
Adela,128 W Kellogg Dr,604-571-8392
Ryan,7827 Commercial St Se #37,306-621-2626
Edmond,67 N Washington Ave #960,450-829-7834
Catina,19 Distribution Way,807-652-2563
Milly,20 Fort Campbell Blvd #4792,780-799-6418
Jules,1 Parkfair Dr #1219,905-929-8054
Denna,1736 Us Highway 19n N #6,450-409-1005
Willetta,578 E Us Highway 36 #3,902-981-7382
Johna,1724 W Dodge Rd,780-994-6272
Ollie,1 W 8th,416-762-4001
Sherly,8 Cochise Trl,902-480-3185
Kindra,4 Sutton Ln,613-510-3295
Vanda,7 Shetland Ct,250-605-3501
Marshall,526 Main St,403-918-5509
Kelvin,18 Duluth St,780-227-7373
Darrin,35 Peconic Ave #4,450-536-7426
Susana,7 S Quebec,519-491-9261
Wilson,74 Se 3rd Ave #1494,416-376-7867
Malissa,3 Bush St,506-724-2777
Tandra,629 105th Ave,905-715-9339
Lorean,58 Executive Dr,306-854-5060
Desirae,200 W Bijou St #6013,403-405-2804
Delsie,2 Us Highway 206,506-795-5209
Mabel,8570 E 8th St,204-285-3978
Marnie,3068 N Interstate 35,204-904-1386
Rene,4241 Tapp St,403-438-9257
Trevor,99 Hart St,902-782-2576
Sharmaine,1822 Guilford Rd,506-839-1630
Ricki,995 Concord Rd,514-657-1920
Bernadine,3 Main St,705-693-2982
Shad,7995 Douglas Rd E #6,780-953-3852
Kenny,965 Bryant St,506-763-6456
Marleen,2863 Brooklyn Terminal Mkt,604-545-3662
Joaquin,6410 E State Hwy,403-640-8755
Slyvia,4895 Country Club Rd,418-913-7998
Kris,43 Gateway Blvd,905-848-5458
Gussie,881 South St #4,613-857-7922
Lavelle,5 S Taylor Ave,418-442-4179
Bev,6059 Alewa Dr,604-880-6351
Bette,345 Broadway St,519-882-6434
Lajuana,7 W Pine St,450-272-6370
Shakira,5470 N Lamar Blvd #542,604-991-8721
Matt,103 E Main St #59,306-891-2346
Clemencia,698 N Allen Rd,514-804-3533
Oliva,1 Broadway St,506-672-7328
Ranee,5361 N 500 W #3065,450-700-5970
Ming,4153 Broughton Ave,250-228-6798
Annice,5 Falls Rd,250-727-7309
Effie,51 3rd Ave,519-433-4142
Maricela,865 N Port Ave,604-568-1899
Esteban,78 E River,604-519-9547
Doretha,5106 N Laurel Park Dr,807-383-4855
Dorsey,9768 A Aven #112,902-936-9426
Amie,24 Venice Rd,613-686-9039
Bulah,2497 Pennsylvania Ave,519-309-5863
Erin,357 W Mount Royal Ave,450-316-7813
Kassandra,123 Euclid Ave #9396,250-646-6446
Leslee,1251 E Main St #990,418-460-5773
Daniel,259 W 17th St #39,506-617-2607
Antonio,9 Route 38,604-624-7690
